{
    "nodes": [
        {
            "id": 0,
            "x": 42,
            "y": 73
        },
        {
            "id": 1,
            "x": 59,
            "y": 73
        },
        {
            "id": 2,
            "x": 40,
            "y": 57
        },
        {
            "id": 3,
            "x": 40,
            "y": 16
        },
        {
            "id": 4,
            "x": 80,
            "y": 46
        },
        {
            "id": 5,
            "x": 78,
            "y": 16
        },
        {
            "id": 6,
            "x": 89,
            "y": 11
        },
        {
            "id": 7,
            "x": 11,
            "y": 30
        },
        {
            "id": 8,
            "x": 52,
            "y": 57
        },
        {
            "id": 9,
            "x": 38,
            "y": 46
        },
        {
            "id": 10,
            "x": 13,
            "y": 73
        },
        {
            "id": 11,
            "x": 48,
            "y": 46
        },
        {
            "id": 12,
            "x": 66,
            "y": 79
        },
        {
            "id": 13,
            "x": 13,
            "y": 30
        },
        {
            "id": 14,
            "x": 88,
            "y": 16
        },
        {
            "id": 15,
            "x": 68,
            "y": 88
        },
        {
            "id": 16,
            "x": 36,
            "y": 46
        },
        {
            "id": 17,
            "x": 48,
            "y": 57
        },
        {
            "id": 18,
            "x": 68,
            "y": 73
        },
        {
            "id": 19,
            "x": 21,
            "y": 46
        },
        {
            "id": 20,
            "x": 82,
            "y": 73
        },
        {
            "id": 21,
            "x": 38,
            "y": 16
        },
        {
            "id": 22,
            "x": 65,
            "y": 73
        },
        {
            "id": 23,
            "x": 38,
            "y": 57
        },
        {
            "id": 24,
            "x": 89,
            "y": 79
        },
        {
            "id": 25,
            "x": 84,
            "y": 46
        },
        {
            "id": 26,
            "x": 78,
            "y": 73
        },
        {
            "id": 27,
            "x": 40,
            "y": 73
        },
        {
            "id": 28,
            "x": 80,
            "y": 30
        },
        {
            "id": 29,
            "x": 65,
            "y": 30
        },
        {
            "id": 30,
            "x": 32,
            "y": 30
        },
        {
            "id": 31,
            "x": 14,
            "y": 45
        },
        {
            "id": 32,
            "x": 38,
            "y": 79
        },
        {
            "id": 33,
            "x": 59,
            "y": 16
        },
        {
            "id": 34,
            "x": 88,
            "y": 73
        },
        {
            "id": 35,
            "x": 50,
            "y": 73
        },
        {
            "id": 36,
            "x": 20,
            "y": 57
        },
        {
            "id": 37,
            "x": 28,
            "y": 57
        },
        {
            "id": 38,
            "x": 48,
            "y": 16
        },
        {
            "id": 39,
            "x": 86,
            "y": 46
        },
        {
            "id": 40,
            "x": 80,
            "y": 16
        },
        {
            "id": 41,
            "x": 42,
            "y": 46
        },
        {
            "id": 42,
            "x": 44,
            "y": 30
        },
        {
            "id": 43,
            "x": 36,
            "y": 30
        },
        {
            "id": 44,
            "x": 32,
            "y": 16
        },
        {
            "id": 45,
            "x": 50,
            "y": 57
        },
        {
            "id": 46,
            "x": 93,
            "y": 12
        },
        {
            "id": 47,
            "x": 11,
            "y": 79
        },
        {
            "id": 48,
            "x": 24,
            "y": 79
        },
        {
            "id": 49,
            "x": 82,
            "y": 57
        },
        {
            "id": 50,
            "x": 34,
            "y": 16
        },
        {
            "id": 51,
            "x": 20,
            "y": 73
        },
        {
            "id": 52,
            "x": 65,
            "y": 57
        },
        {
            "id": 53,
            "x": 23,
            "y": 46
        },
        {
            "id": 54,
            "x": 72,
            "y": 73
        },
        {
            "id": 55,
            "x": 84,
            "y": 30
        },
        {
            "id": 56,
            "x": 57,
            "y": 30
        },
        {
            "id": 57,
            "x": 57,
            "y": 46
        },
        {
            "id": 58,
            "x": 61,
            "y": 16
        },
        {
            "id": 59,
            "x": 46,
            "y": 30
        },
        {
            "id": 60,
            "x": 76,
            "y": 46
        },
        {
            "id": 61,
            "x": 30,
            "y": 30
        },
        {
            "id": 62,
            "x": 57,
            "y": 73
        },
        {
            "id": 63,
            "x": 74,
            "y": 57
        },
        {
            "id": 64,
            "x": 30,
            "y": 57
        },
        {
            "id": 65,
            "x": 34,
            "y": 11
        },
        {
            "id": 66,
            "x": 56,
            "y": 57
        },
        {
            "id": 67,
            "x": 23,
            "y": 30
        },
        {
            "id": 68,
            "x": 59,
            "y": 57
        },
        {
            "id": 69,
            "x": 44,
            "y": 46
        },
        {
            "id": 70,
            "x": 52,
            "y": 16
        },
        {
            "id": 71,
            "x": 44,
            "y": 57
        },
        {
            "id": 72,
            "x": 52,
            "y": 79
        },
        {
            "id": 73,
            "x": 50,
            "y": 16
        },
        {
            "id": 74,
            "x": 68,
            "y": 57
        },
        {
            "id": 75,
            "x": 44,
            "y": 73
        },
        {
            "id": 76,
            "x": 76,
            "y": 73
        },
        {
            "id": 77,
            "x": 84,
            "y": 57
        },
        {
            "id": 78,
            "x": 36,
            "y": 79
        },
        {
            "id": 79,
            "x": 18,
            "y": 46
        },
        {
            "id": 80,
            "x": 42,
            "y": 30
        },
        {
            "id": 81,
            "x": 24,
            "y": 57
        },
        {
            "id": 82,
            "x": 52,
            "y": 73
        },
        {
            "id": 83,
            "x": 54,
            "y": 57
        },
        {
            "id": 84,
            "x": 50,
            "y": 46
        },
        {
            "id": 85,
            "x": 74,
            "y": 84
        },
        {
            "id": 86,
            "x": 76,
            "y": 57
        },
        {
            "id": 87,
            "x": 11,
            "y": 16
        },
        {
            "id": 88,
            "x": 15,
            "y": 57
        },
        {
            "id": 89,
            "x": 61,
            "y": 30
        },
        {
            "id": 90,
            "x": 73,
            "y": 79
        },
        {
            "id": 91,
            "x": 42,
            "y": 57
        },
        {
            "id": 92,
            "x": 26,
            "y": 46
        },
        {
            "id": 93,
            "x": 46,
            "y": 73
        },
        {
            "id": 94,
            "x": 10,
            "y": 93
        },
        {
            "id": 95,
            "x": 63,
            "y": 46
        },
        {
            "id": 96,
            "x": 26,
            "y": 57
        },
        {
            "id": 97,
            "x": 16,
            "y": 46
        },
        {
            "id": 98,
            "x": 36,
            "y": 16
        },
        {
            "id": 99,
            "x": 70,
            "y": 73
        },
        {
            "id": 100,
            "x": 11,
            "y": 46
        },
        {
            "id": 101,
            "x": 57,
            "y": 16
        },
        {
            "id": 102,
            "x": 32,
            "y": 46
        },
        {
            "id": 103,
            "x": 24,
            "y": 73
        },
        {
            "id": 104,
            "x": 38,
            "y": 73
        },
        {
            "id": 105,
            "x": 61,
            "y": 57
        },
        {
            "id": 106,
            "x": 28,
            "y": 30
        },
        {
            "id": 107,
            "x": 40,
            "y": 46
        },
        {
            "id": 108,
            "x": 68,
            "y": 79
        },
        {
            "id": 109,
            "x": 18,
            "y": 57
        },
        {
            "id": 110,
            "x": 32,
            "y": 73
        },
        {
            "id": 111,
            "x": 74,
            "y": 73
        },
        {
            "id": 112,
            "x": 78,
            "y": 57
        },
        {
            "id": 113,
            "x": 46,
            "y": 57
        },
        {
            "id": 114,
            "x": 68,
            "y": 84
        },
        {
            "id": 115,
            "x": 66,
            "y": 16
        },
        {
            "id": 116,
            "x": 46,
            "y": 46
        },
        {
            "id": 117,
            "x": 80,
            "y": 57
        },
        {
            "id": 118,
            "x": 63,
            "y": 57
        }
    ],
    "edges": [
        {
            "source": 106,
            "target": 53
        },
        {
            "source": 67,
            "target": 92
        },
        {
            "source": 98,
            "target": 43
        },
        {
            "source": 112,
            "target": 26
        },
        {
            "source": 93,
            "target": 78
        },
        {
            "source": 49,
            "target": 20
        },
        {
            "source": 89,
            "target": 11
        },
        {
            "source": 56,
            "target": 69
        },
        {
            "source": 92,
            "target": 96
        },
        {
            "source": 30,
            "target": 19
        },
        {
            "source": 11,
            "target": 113
        },
        {
            "source": 13,
            "target": 31
        },
        {
            "source": 56,
            "target": 112
        },
        {
            "source": 102,
            "target": 17
        },
        {
            "source": 21,
            "target": 43
        },
        {
            "source": 43,
            "target": 104
        },
        {
            "source": 60,
            "target": 99
        },
        {
            "source": 97,
            "target": 94
        },
        {
            "source": 4,
            "target": 49
        },
        {
            "source": 87,
            "target": 53
        },
        {
            "source": 56,
            "target": 116
        },
        {
            "source": 40,
            "target": 28
        },
        {
            "source": 41,
            "target": 45
        },
        {
            "source": 50,
            "target": 36
        },
        {
            "source": 115,
            "target": 56
        },
        {
            "source": 25,
            "target": 77
        },
        {
            "source": 17,
            "target": 62
        },
        {
            "source": 41,
            "target": 36
        },
        {
            "source": 16,
            "target": 32
        },
        {
            "source": 3,
            "target": 107
        },
        {
            "source": 13,
            "target": 19
        },
        {
            "source": 17,
            "target": 104
        },
        {
            "source": 50,
            "target": 88
        },
        {
            "source": 58,
            "target": 56
        },
        {
            "source": 97,
            "target": 109
        },
        {
            "source": 6,
            "target": 24
        },
        {
            "source": 64,
            "target": 27
        },
        {
            "source": 101,
            "target": 56
        },
        {
            "source": 30,
            "target": 107
        },
        {
            "source": 103,
            "target": 48
        },
        {
            "source": 38,
            "target": 11
        },
        {
            "source": 42,
            "target": 68
        },
        {
            "source": 56,
            "target": 57
        },
        {
            "source": 36,
            "target": 10
        },
        {
            "source": 46,
            "target": 20
        },
        {
            "source": 84,
            "target": 45
        },
        {
            "source": 33,
            "target": 18
        },
        {
            "source": 79,
            "target": 109
        },
        {
            "source": 92,
            "target": 15
        },
        {
            "source": 50,
            "target": 61
        },
        {
            "source": 96,
            "target": 0
        },
        {
            "source": 8,
            "target": 27
        },
        {
            "source": 4,
            "target": 86
        },
        {
            "source": 65,
            "target": 50
        },
        {
            "source": 4,
            "target": 112
        },
        {
            "source": 82,
            "target": 72
        },
        {
            "source": 5,
            "target": 77
        },
        {
            "source": 44,
            "target": 48
        },
        {
            "source": 14,
            "target": 34
        },
        {
            "source": 100,
            "target": 94
        },
        {
            "source": 108,
            "target": 114
        },
        {
            "source": 56,
            "target": 22
        },
        {
            "source": 43,
            "target": 92
        },
        {
            "source": 29,
            "target": 1
        },
        {
            "source": 37,
            "target": 35
        },
        {
            "source": 17,
            "target": 75
        },
        {
            "source": 18,
            "target": 32
        },
        {
            "source": 91,
            "target": 75
        },
        {
            "source": 9,
            "target": 78
        },
        {
            "source": 18,
            "target": 24
        },
        {
            "source": 33,
            "target": 43
        },
        {
            "source": 95,
            "target": 52
        },
        {
            "source": 50,
            "target": 118
        },
        {
            "source": 68,
            "target": 1
        },
        {
            "source": 57,
            "target": 68
        },
        {
            "source": 59,
            "target": 72
        },
        {
            "source": 73,
            "target": 84
        },
        {
            "source": 57,
            "target": 0
        },
        {
            "source": 14,
            "target": 56
        },
        {
            "source": 63,
            "target": 111
        },
        {
            "source": 43,
            "target": 69
        },
        {
            "source": 102,
            "target": 109
        },
        {
            "source": 55,
            "target": 25
        },
        {
            "source": 63,
            "target": 26
        },
        {
            "source": 59,
            "target": 95
        },
        {
            "source": 82,
            "target": 12
        },
        {
            "source": 55,
            "target": 39
        },
        {
            "source": 50,
            "target": 81
        },
        {
            "source": 60,
            "target": 86
        },
        {
            "source": 70,
            "target": 83
        },
        {
            "source": 16,
            "target": 23
        },
        {
            "source": 57,
            "target": 17
        },
        {
            "source": 84,
            "target": 8
        },
        {
            "source": 117,
            "target": 34
        },
        {
            "source": 11,
            "target": 2
        },
        {
            "source": 96,
            "target": 103
        },
        {
            "source": 50,
            "target": 7
        },
        {
            "source": 107,
            "target": 2
        },
        {
            "source": 74,
            "target": 18
        },
        {
            "source": 43,
            "target": 103
        },
        {
            "source": 50,
            "target": 59
        },
        {
            "source": 13,
            "target": 10
        },
        {
            "source": 105,
            "target": 93
        },
        {
            "source": 21,
            "target": 59
        },
        {
            "source": 3,
            "target": 56
        },
        {
            "source": 28,
            "target": 4
        },
        {
            "source": 73,
            "target": 59
        },
        {
            "source": 53,
            "target": 110
        },
        {
            "source": 95,
            "target": 74
        },
        {
            "source": 52,
            "target": 22
        },
        {
            "source": 84,
            "target": 71
        },
        {
            "source": 46,
            "target": 77
        },
        {
            "source": 5,
            "target": 56
        },
        {
            "source": 18,
            "target": 108
        },
        {
            "source": 56,
            "target": 66
        },
        {
            "source": 4,
            "target": 117
        },
        {
            "source": 18,
            "target": 90
        },
        {
            "source": 58,
            "target": 68
        },
        {
            "source": 84,
            "target": 83
        },
        {
            "source": 77,
            "target": 76
        },
        {
            "source": 80,
            "target": 116
        },
        {
            "source": 98,
            "target": 61
        },
        {
            "source": 50,
            "target": 9
        },
        {
            "source": 57,
            "target": 105
        },
        {
            "source": 114,
            "target": 15
        },
        {
            "source": 57,
            "target": 66
        },
        {
            "source": 36,
            "target": 51
        },
        {
            "source": 38,
            "target": 59
        },
        {
            "source": 57,
            "target": 118
        },
        {
            "source": 89,
            "target": 54
        },
        {
            "source": 44,
            "target": 80
        },
        {
            "source": 56,
            "target": 74
        },
        {
            "source": 65,
            "target": 70
        },
        {
            "source": 92,
            "target": 81
        },
        {
            "source": 74,
            "target": 76
        },
        {
            "source": 59,
            "target": 41
        },
        {
            "source": 63,
            "target": 54
        },
        {
            "source": 18,
            "target": 90
        },
        {
            "source": 17,
            "target": 82
        },
        {
            "source": 101,
            "target": 84
        },
        {
            "source": 41,
            "target": 113
        },
        {
            "source": 95,
            "target": 105
        },
        {
            "source": 74,
            "target": 99
        },
        {
            "source": 9,
            "target": 71
        },
        {
            "source": 4,
            "target": 62
        },
        {
            "source": 87,
            "target": 7
        },
        {
            "source": 41,
            "target": 91
        },
        {
            "source": 56,
            "target": 84
        },
        {
            "source": 111,
            "target": 85
        },
        {
            "source": 39,
            "target": 12
        },
        {
            "source": 29,
            "target": 57
        },
        {
            "source": 61,
            "target": 64
        },
        {
            "source": 106,
            "target": 9
        },
        {
            "source": 107,
            "target": 23
        },
        {
            "source": 90,
            "target": 85
        },
        {
            "source": 2,
            "target": 110
        },
        {
            "source": 100,
            "target": 47
        },
        {
            "source": 40,
            "target": 68
        },
        {
            "source": 79,
            "target": 51
        },
        {
            "source": 31,
            "target": 88
        },
        {
            "source": 103,
            "target": 47
        },
        {
            "source": 6,
            "target": 50
        },
        {
            "source": 67,
            "target": 79
        },
        {
            "source": 92,
            "target": 37
        },
        {
            "source": 42,
            "target": 107
        },
        {
            "source": 117,
            "target": 35
        },
        {
            "source": 115,
            "target": 95
        }
    ],
    "width": 100,
    "height": 100
}