{
    "nodes": [
        {
            "id": 0,
            "x": 0,
            "y": 14
        },
        {
            "id": 1,
            "x": 6,
            "y": 12
        },
        {
            "id": 2,
            "x": 2,
            "y": 2
        },
        {
            "id": 3,
            "x": 1,
            "y": 10
        },
        {
            "id": 4,
            "x": 0,
            "y": 9
        },
        {
            "id": 5,
            "x": 5,
            "y": 17
        },
        {
            "id": 6,
            "x": 10,
            "y": 11
        },
        {
            "id": 7,
            "x": 19,
            "y": 7
        },
        {
            "id": 8,
            "x": 12,
            "y": 4
        },
        {
            "id": 9,
            "x": 7,
            "y": 16
        },
        {
            "id": 10,
            "x": 5,
            "y": 15
        },
        {
            "id": 11,
            "x": 0,
            "y": 6
        },
        {
            "id": 12,
            "x": 20,
            "y": 8
        },
        {
            "id": 13,
            "x": 11,
            "y": 1
        },
        {
            "id": 14,
            "x": 20,
            "y": 13
        },
        {
            "id": 15,
            "x": 19,
            "y": 3
        }
    ],
    "edges": [
        {
            "source": 15,
            "target": 11
        },
        {
            "source": 14,
            "target": 10
        },
        {
            "source": 8,
            "target": 11
        },
        {
            "source": 7,
            "target": 3
        },
        {
            "source": 9,
            "target": 5
        },
        {
            "source": 1,
            "target": 14
        },
        {
            "source": 8,
            "target": 10
        },
        {
            "source": 13,
            "target": 9
        },
        {
            "source": 4,
            "target": 3
        },
        {
            "source": 8,
            "target": 0
        },
        {
            "source": 13,
            "target": 10
        },
        {
            "source": 12,
            "target": 6
        },
        {
            "source": 8,
            "target": 1
        },
        {
            "source": 15,
            "target": 14
        },
        {
            "source": 3,
            "target": 6
        },
        {
            "source": 7,
            "target": 4
        },
        {
            "source": 3,
            "target": 14
        },
        {
            "source": 6,
            "target": 1
        },
        {
            "source": 13,
            "target": 2
        },
        {
            "source": 0,
            "target": 9
        },
        {
            "source": 0,
            "target": 10
        },
        {
            "source": 11,
            "target": 3
        },
        {
            "source": 14,
            "target": 0
        },
        {
            "source": 6,
            "target": 14
        },
        {
            "source": 12,
            "target": 4
        },
        {
            "source": 10,
            "target": 9
        },
        {
            "source": 2,
            "target": 0
        },
        {
            "source": 12,
            "target": 3
        },
        {
            "source": 13,
            "target": 0
        },
        {
            "source": 2,
            "target": 15
        },
        {
            "source": 7,
            "target": 12
        },
        {
            "source": 8,
            "target": 7
        },
        {
            "source": 8,
            "target": 5
        },
        {
            "source": 1,
            "target": 10
        },
        {
            "source": 8,
            "target": 4
        },
        {
            "source": 11,
            "target": 7
        },
        {
            "source": 15,
            "target": 8
        },
        {
            "source": 10,
            "target": 5
        },
        {
            "source": 4,
            "target": 6
        },
        {
            "source": 8,
            "target": 6
        },
        {
            "source": 15,
            "target": 3
        },
        {
            "source": 2,
            "target": 14
        }
    ],
    "width": 20,
    "height": 20
}